distance,values,error
0.0,1.0,0.0005131593544336807
1.0,0.9999913128976,0.00014890635161903603
2.0,0.9999911532534331,0.00010737838838147425
3.0,0.9999862547136887,0.00012046239582259317
4.0,0.9999809763879652,0.00015720179677644662
5.0,0.9999288178016388,0.0005523761573496374
