distance,values,error
0.0,1.0,0.1117676690324897
1.0,0.00030729612835867805,0.043281554058241994
2.0,0.0043799177904642154,0.027559410852931555
3.0,-0.0015532504115970487,0.024556523395920217
4.0,0.0027256933779953407,0.03095964890005585
5.0,-0.0005062355563565352,0.059035233960655714
6.0,0.01863765084902858,0.15485033113643407
7.0,-0.19268293605668738,0.14304826441584534
