distance,values,error
0.0,1.0,0.10845654792789117
1.0,0.011514559991323042,0.04516347590244506
2.0,0.006676274011385721,0.027055583061318153
3.0,0.0009541112674135425,0.024556785983440892
4.0,-0.0028340410137562663,0.030643634167380564
5.0,-0.004056998431510993,0.06388473001864792
6.0,0.07474132516266158,0.19993950550274112
7.0,-0.1944677238133974,0.21933767065024865
