distance,values,error
0.0,1.0,0.10942332667607599
1.0,-0.01209420561667151,0.04427302257386567
2.0,0.005099477174366356,0.027408341057915512
3.0,0.001861082789508766,0.024943700671133273
4.0,-0.0035547846781070528,0.030680064241238845
5.0,-0.0029259078629255857,0.05558632350976936
6.0,-0.01617482429238018,0.13117492124682906
7.0,-0.06057097251014228,0.2134360769877332
8.0,-0.3388199316175959,0.12088869337915535
