distance,values,error
0.0,1.0,0.1133391264146372
1.0,-0.005853101943743501,0.041740148476141624
2.0,0.005171348862174039,0.027002933956249246
3.0,0.0013979607790910824,0.025468975848936128
4.0,-0.0006358619446705107,0.03213875953575661
5.0,-0.00159872219775508,0.0645738113735027
6.0,-0.009183895407979354,0.12108954457555575
7.0,-0.0734131195120632,0.17508049497516548
