distance,values,error
0.0,1.0,0.10863267650206804
1.0,-0.011029974995903797,0.045192488605060935
2.0,-0.015797432162205385,0.027028475475469403
3.0,-0.019675468777843874,0.02463395412705094
4.0,-0.020871971694928427,0.030827467018511318
5.0,-0.022663664974954194,0.06401846400133611
6.0,0.05973402596138977,0.20007572006427032
7.0,-0.17739641196889835,0.21741307929932824
