distance,values,error
0.0,1.0,0.11249212431495366
1.0,-0.018938993714134367,0.043402844091101504
2.0,-0.014101129208401505,0.02760362419506732
3.0,-0.019798282211519982,0.02463074775376809
4.0,-0.01599375323709459,0.03090873501963898
5.0,-0.020075651999359664,0.059373359137597496
6.0,0.011632715239774907,0.15306514535078666
7.0,-0.2013331225806591,0.1475453118528521
