distance,values,error
0.0,1.0,0.11426207436126411
1.0,-0.015618088539758728,0.04364830832636901
2.0,-0.021205420262620674,0.02729170134385382
3.0,-0.014968916477119032,0.024485732939882692
4.0,-0.017981587737757026,0.03136689345862897
5.0,-0.0053805483211509875,0.06268223100779091
6.0,0.010130345469942426,0.13744682848882214
7.0,0.04688416146246516,0.13111899900781393
