distance,values,error
0.0,1.0,0.11371837589401994
1.0,-0.02307337130148873,0.04195772955679695
2.0,-0.013245004124581159,0.027032724600817553
3.0,-0.017937739068296762,0.025479871532609773
4.0,-0.02052728203512815,0.03223302157673708
5.0,-0.02514585882125382,0.06450889131400785
6.0,-0.046450639767246206,0.12025525442153928
7.0,-0.10651127672821313,0.17188174453188432
